{"cameraMode":{"drawMode":0,"name":"Shaded","section":"Shading Mode"},"sceneLighting":true,"audioPlay":false,"sceneViewState":{"showFog":false,"showMaterialUpdate":false,"showSkybox":false,"showFlares":false,"showImageEffects":false,"showParticleSystems":false},"in2DMode":false,"pivot":{"x":557.1300048828125,"y":18.849939346313478,"z":438.44000244140627},"rotation":{"x":0.07198399305343628,"y":0.9022173285484314,"z":-0.16586562991142274,"w":0.39158162474632265},"size":1.2010457515716553,"orthographic":false}