{"cameraMode":{"drawMode":0,"name":"Shaded","section":"Shading Mode"},"sceneLighting":false,"audioPlay":false,"sceneViewState":{"showFog":false,"showMaterialUpdate":false,"showSkybox":false,"showFlares":false,"showImageEffects":false,"showParticleSystems":false},"in2DMode":false,"pivot":{"x":0.0000037280333344824614,"y":0.000010219192517979536,"z":0.0000027360983949620278},"rotation":{"x":0.09286684542894364,"y":0.6044363975524902,"z":-0.07123719155788422,"w":0.7880247235298157},"size":0.000017320508050033823,"orthographic":false}