{"cameraMode":{"drawMode":0,"name":"Shaded","section":"Shading Mode"},"sceneLighting":false,"audioPlay":false,"sceneViewState":{"showFog":false,"showMaterialUpdate":false,"showSkybox":false,"showFlares":false,"showImageEffects":false,"showParticleSystems":false},"in2DMode":false,"pivot":{"x":0.367757648229599,"y":-0.38745957612991335,"z":2.2196781635284426},"rotation":{"x":0.2578125,"y":0.15598656237125398,"z":-0.04222464561462402,"w":0.9526013731956482},"size":0.9679667353630066,"orthographic":false}