{"cameraMode":{"drawMode":0,"name":"Shaded","section":"Shading Mode"},"sceneLighting":false,"audioPlay":false,"sceneViewState":{"showFog":false,"showMaterialUpdate":false,"showSkybox":false,"showFlares":false,"showImageEffects":false,"showParticleSystems":false},"in2DMode":false,"pivot":{"x":-1.1509509086608887,"y":0.6564705967903137,"z":0.5779070258140564},"rotation":{"x":0.1222090795636177,"y":0.8286924958229065,"z":-0.1991218477487564,"w":0.508632481098175},"size":0.000017320508050033823,"orthographic":false}