{"cameraMode":{"drawMode":0,"name":"Shaded","section":"Shading Mode"},"sceneLighting":false,"audioPlay":false,"sceneViewState":{"showFog":false,"showMaterialUpdate":false,"showSkybox":false,"showFlares":false,"showImageEffects":false,"showParticleSystems":false},"in2DMode":false,"pivot":{"x":26.740699768066408,"y":-5.698042869567871,"z":-44.40922546386719},"rotation":{"x":0.008148678578436375,"y":-0.8395174145698547,"z":0.5438069105148315,"w":0.01188289187848568},"size":13.102819442749024,"orthographic":false}