{"cameraMode":{"drawMode":0,"name":"Shaded","section":"Shading Mode"},"sceneLighting":false,"audioPlay":false,"sceneViewState":{"showFog":false,"showMaterialUpdate":false,"showSkybox":false,"showFlares":false,"showImageEffects":false,"showParticleSystems":false},"in2DMode":false,"pivot":{"x":0.21667471528053285,"y":-0.17342793941497804,"z":0.42525336146354678},"rotation":{"x":0.023211820051074029,"y":0.9327765703201294,"z":-0.35464608669281008,"w":0.06173466518521309},"size":0.6714926958084106,"orthographic":false}