{"cameraMode":{"drawMode":0,"name":"Shaded","section":"Shading Mode"},"sceneLighting":false,"audioPlay":false,"sceneViewState":{"showFog":false,"showMaterialUpdate":false,"showSkybox":false,"showFlares":false,"showImageEffects":false,"showParticleSystems":false},"in2DMode":false,"pivot":{"x":22.593461990356447,"y":4.143014907836914,"z":-48.586097717285159},"rotation":{"x":0.08451197296380997,"y":-0.9150385856628418,"z":0.3029274642467499,"w":0.25400248169898989},"size":12.093568801879883,"orthographic":false}