{"cameraMode":{"drawMode":0,"name":"Shaded","section":"Shading Mode"},"sceneLighting":false,"audioPlay":false,"sceneViewState":{"showFog":false,"showMaterialUpdate":false,"showSkybox":false,"showFlares":false,"showImageEffects":false,"showParticleSystems":false},"in2DMode":false,"pivot":{"x":0.8986985683441162,"y":0.29239070415496828,"z":0.5380815267562866},"rotation":{"x":-0.04863598197698593,"y":-0.7377524375915527,"z":0.053429339081048968,"w":-0.6712837219238281},"size":2.285338878631592,"orthographic":false}