{"cameraMode":{"drawMode":0,"name":"Shaded","section":"Shading Mode"},"sceneLighting":false,"audioPlay":false,"sceneViewState":{"showFog":false,"showMaterialUpdate":false,"showSkybox":false,"showFlares":false,"showImageEffects":false,"showParticleSystems":false},"in2DMode":false,"pivot":{"x":-0.17374813556671143,"y":0.0753529891371727,"z":0.0395580418407917},"rotation":{"x":-0.039602357894182208,"y":-0.703931450843811,"z":0.0392884761095047,"w":-0.7081707715988159},"size":0.13741658627986909,"orthographic":false}