{"cameraMode":{"drawMode":0,"name":"Shaded","section":"Shading Mode"},"sceneLighting":false,"audioPlay":false,"sceneViewState":{"showFog":false,"showMaterialUpdate":false,"showSkybox":false,"showFlares":false,"showImageEffects":false,"showParticleSystems":false},"in2DMode":false,"pivot":{"x":31.99307632446289,"y":-18.621212005615236,"z":-65.74449920654297},"rotation":{"x":0.04925193265080452,"y":0.908233106136322,"z":-0.4010603129863739,"w":0.11208657175302506},"size":27.39235496520996,"orthographic":false}