{"cameraMode":{"drawMode":0,"name":"Shaded","section":"Shading Mode"},"sceneLighting":false,"audioPlay":false,"sceneViewState":{"showFog":false,"showMaterialUpdate":false,"showSkybox":false,"showFlares":false,"showImageEffects":false,"showParticleSystems":false},"in2DMode":false,"pivot":{"x":493.5,"y":20.979000091552736,"z":503.43499755859377},"rotation":{"x":0.1230122298002243,"y":-0.010633404366672039,"z":0.001471764757297933,"w":0.9925432801246643},"size":0.7071067690849304,"orthographic":false}