{"cameraMode":{"drawMode":0,"name":"Shaded","section":"Shading Mode"},"sceneLighting":false,"audioPlay":false,"sceneViewState":{"showFog":false,"showMaterialUpdate":false,"showSkybox":false,"showFlares":false,"showImageEffects":false,"showParticleSystems":false},"in2DMode":false,"pivot":{"x":10.896196365356446,"y":-17.11907958984375,"z":-43.907928466796878},"rotation":{"x":0.24444308876991273,"y":-0.7435688972473145,"z":0.3537459373474121,"w":0.5127763748168945},"size":17.41585922241211,"orthographic":false}