{"cameraMode":{"drawMode":0,"name":"Shaded","section":"Shading Mode"},"sceneLighting":false,"audioPlay":false,"sceneViewState":{"showFog":false,"showMaterialUpdate":false,"showSkybox":false,"showFlares":false,"showImageEffects":false,"showParticleSystems":false},"in2DMode":false,"pivot":{"x":21.44300079345703,"y":-0.4025220572948456,"z":-17.292015075683595},"rotation":{"x":0.2562572956085205,"y":-0.19089867174625398,"z":0.0512598492205143,"w":0.9465632438659668},"size":22.902942657470704,"orthographic":false}