{"cameraMode":{"drawMode":0,"name":"Shaded","section":"Shading Mode"},"sceneLighting":false,"audioPlay":false,"sceneViewState":{"showFog":false,"showMaterialUpdate":false,"showSkybox":false,"showFlares":false,"showImageEffects":false,"showParticleSystems":false},"in2DMode":false,"pivot":{"x":2.9802322387695315e-8,"y":0.012331023812294007,"z":-3.725290298461914e-8},"rotation":{"x":-0.0942215770483017,"y":-0.8889882564544678,"z":0.21219861507415772,"w":-0.39475515484809878},"size":0.2557866871356964,"orthographic":false}