{"cameraMode":{"drawMode":0,"name":"Shaded","section":"Shading Mode"},"sceneLighting":false,"audioPlay":false,"sceneViewState":{"showFog":false,"showMaterialUpdate":false,"showSkybox":false,"showFlares":false,"showImageEffects":false,"showParticleSystems":false},"in2DMode":false,"pivot":{"x":-48.21965408325195,"y":-28.988784790039064,"z":-3.148580551147461},"rotation":{"x":0.20015448331832887,"y":-0.6940685510635376,"z":0.21010449528694154,"w":0.65938800573349},"size":35.52429962158203,"orthographic":false}