{"cameraMode":{"drawMode":0,"name":"Shaded","section":"Shading Mode"},"sceneLighting":false,"audioPlay":false,"sceneViewState":{"showFog":false,"showMaterialUpdate":false,"showSkybox":false,"showFlares":false,"showImageEffects":false,"showParticleSystems":false},"in2DMode":false,"pivot":{"x":-1.2187010049819947,"y":4.2627949714660648,"z":-2.8309428691864015},"rotation":{"x":-0.00955149158835411,"y":-0.9834305644035339,"z":0.17317718267440797,"w":-0.054041538387537},"size":33.591312408447269,"orthographic":false}