{"cameraMode":{"drawMode":0,"name":"Shaded","section":"Shading Mode"},"sceneLighting":false,"audioPlay":false,"sceneViewState":{"showFog":false,"showMaterialUpdate":false,"showSkybox":false,"showFlares":false,"showImageEffects":false,"showParticleSystems":false},"in2DMode":false,"pivot":{"x":0.697726845741272,"y":0.22671376168727876,"z":0.07050763070583344},"rotation":{"x":-0.05105041339993477,"y":0.75560063123703,"z":-0.059279914945364,"w":-0.650378406047821},"size":0.7893891334533691,"orthographic":false}