{"cameraMode":{"drawMode":0,"name":"Shaded","section":"Shading Mode"},"sceneLighting":true,"audioPlay":false,"sceneViewState":{"showFog":false,"showMaterialUpdate":false,"showSkybox":false,"showFlares":false,"showImageEffects":false,"showParticleSystems":false},"in2DMode":false,"pivot":{"x":1.4555742740631104,"y":-0.1929052770137787,"z":0.03820140287280083},"rotation":{"x":-0.08980396389961243,"y":-0.7630637288093567,"z":0.10850870609283447,"w":-0.6309086680412293},"size":1.8778530359268189,"orthographic":false}