{"cameraMode":{"drawMode":0,"name":"Shaded","section":"Shading Mode"},"sceneLighting":false,"audioPlay":false,"sceneViewState":{"showFog":false,"showMaterialUpdate":false,"showSkybox":false,"showFlares":false,"showImageEffects":false,"showParticleSystems":false},"in2DMode":false,"pivot":{"x":0.0,"y":0.4000000059604645,"z":-0.00009994953870773315},"rotation":{"x":-0.0723499208688736,"y":0.7305734753608704,"z":-0.07830138504505158,"w":-0.6744991540908814},"size":0.4023493230342865,"orthographic":false}