{"cameraMode":{"drawMode":0,"name":"Shaded","section":"Shading Mode"},"sceneLighting":false,"audioPlay":false,"sceneViewState":{"showFog":false,"showMaterialUpdate":false,"showSkybox":false,"showFlares":false,"showImageEffects":false,"showParticleSystems":false},"in2DMode":false,"pivot":{"x":25.043100357055665,"y":-0.49816080927848818,"z":-35.711971282958987},"rotation":{"x":0.3348183035850525,"y":-0.14164428412914277,"z":0.05050880089402199,"w":0.9305940270423889},"size":4.641414165496826,"orthographic":false}