{"cameraMode":{"drawMode":0,"name":"Shaded","section":"Shading Mode"},"sceneLighting":false,"audioPlay":false,"sceneViewState":{"showFog":false,"showMaterialUpdate":false,"showSkybox":false,"showFlares":false,"showImageEffects":false,"showParticleSystems":false},"in2DMode":false,"pivot":{"x":0.2852173447608948,"y":0.36880767345428469,"z":0.05299502611160278},"rotation":{"x":-0.008060394786298275,"y":-0.9906188249588013,"z":0.11975710839033127,"w":-0.0663699060678482},"size":0.4023493230342865,"orthographic":false}