{"cameraMode":{"drawMode":0,"name":"Shaded","section":"Shading Mode"},"sceneLighting":true,"audioPlay":false,"sceneViewState":{"showFog":false,"showMaterialUpdate":false,"showSkybox":false,"showFlares":false,"showImageEffects":false,"showParticleSystems":false},"in2DMode":false,"pivot":{"x":597.9853515625,"y":-42.62466812133789,"z":519.8665771484375},"rotation":{"x":-0.26550498604774477,"y":-0.2211126983165741,"z":0.06269852072000504,"w":-0.9363164901733398},"size":59.633480072021487,"orthographic":false}