{"cameraMode":{"drawMode":0,"name":"Shaded","section":"Shading Mode"},"sceneLighting":false,"audioPlay":false,"sceneViewState":{"showFog":false,"showMaterialUpdate":false,"showSkybox":false,"showFlares":false,"showImageEffects":false,"showParticleSystems":false},"in2DMode":false,"pivot":{"x":0.039151668548583987,"y":0.18231689929962159,"z":-0.08876244723796845},"rotation":{"x":-0.13632825016975404,"y":-0.7125594615936279,"z":0.14427582919597627,"w":-0.6730514764785767},"size":1.7347562313079835,"orthographic":false}