{"cameraMode":{"drawMode":0,"name":"Shaded","section":"Shading Mode"},"sceneLighting":false,"audioPlay":false,"sceneViewState":{"showFog":false,"showMaterialUpdate":false,"showSkybox":false,"showFlares":false,"showImageEffects":false,"showParticleSystems":false},"in2DMode":false,"pivot":{"x":492.494140625,"y":22.948999404907228,"z":503.635009765625},"rotation":{"x":0.15844352543354035,"y":-0.05202549695968628,"z":0.008469496853649617,"w":0.9861735701560974},"size":3.0802342891693117,"orthographic":false}