{"cameraMode":{"drawMode":0,"name":"Shaded","section":"Shading Mode"},"sceneLighting":false,"audioPlay":false,"sceneViewState":{"showFog":false,"showMaterialUpdate":false,"showSkybox":false,"showFlares":false,"showImageEffects":false,"showParticleSystems":false},"in2DMode":false,"pivot":{"x":843.6873779296875,"y":17.057300567626954,"z":519.2396240234375},"rotation":{"x":-0.02333086170256138,"y":-0.7130642533302307,"z":0.023767145350575448,"w":-0.7003374695777893},"size":0.7313026189804077,"orthographic":false}