{"cameraMode":{"drawMode":0,"name":"Shaded","section":"Shading Mode"},"sceneLighting":false,"audioPlay":false,"sceneViewState":{"showFog":false,"showMaterialUpdate":false,"showSkybox":false,"showFlares":false,"showImageEffects":false,"showParticleSystems":false},"in2DMode":false,"pivot":{"x":19.677993774414064,"y":-3.237321138381958,"z":-31.082996368408204},"rotation":{"x":0.4312687814235687,"y":-0.19851091504096986,"z":0.09744282811880112,"w":0.8751152157783508},"size":15.513025283813477,"orthographic":false}