{"cameraMode":{"drawMode":0,"name":"Shaded","section":"Shading Mode"},"sceneLighting":false,"audioPlay":false,"sceneViewState":{"showFog":false,"showMaterialUpdate":false,"showSkybox":false,"showFlares":false,"showImageEffects":false,"showParticleSystems":false},"in2DMode":false,"pivot":{"x":0.0,"y":0.048078685998916629,"z":0.00592442974448204},"rotation":{"x":0.09536908566951752,"y":0.8962897062301636,"z":-0.23543702065944673,"w":0.3637600839138031},"size":0.05307767912745476,"orthographic":false}