{"cameraMode":{"drawMode":0,"name":"Shaded","section":"Shading Mode"},"sceneLighting":true,"audioPlay":false,"sceneViewState":{"showFog":false,"showMaterialUpdate":false,"showSkybox":false,"showFlares":false,"showImageEffects":false,"showParticleSystems":false},"in2DMode":false,"pivot":{"x":751.4140625,"y":-48.529476165771487,"z":440.38555908203127},"rotation":{"x":-0.07258108258247376,"y":-0.9244579076766968,"z":0.30152231454849245,"w":-0.22212056815624238},"size":60.62177658081055,"orthographic":false}