{"cameraMode":{"drawMode":0,"name":"Shaded","section":"Shading Mode"},"sceneLighting":true,"audioPlay":false,"sceneViewState":{"showFog":false,"showMaterialUpdate":false,"showSkybox":false,"showFlares":false,"showImageEffects":false,"showParticleSystems":false},"in2DMode":false,"pivot":{"x":-627.4846801757813,"y":-1285.9466552734375,"z":1277.2822265625},"rotation":{"x":0.3229748606681824,"y":-0.38696128129959109,"z":0.1485123336315155,"w":0.8511834144592285},"size":1082.878662109375,"orthographic":false}